message,cleaned_message,sentiment_score
anime discussion post discuss manga beyond episode geez creepy butterfly dog mood ost 5 minutes though wonder censored though much gore maybe bds remove shadow creepy though url,anime discussion post discuss manga beyond episode geez creepy butterfly dog mood ost 5 minutes though wonder censored though much gore maybe bds remove shadow creepy though url,-0.1531
op ed really dark begins say ep mins short stark700 said wonder censored though much gore maybe bds remove shadow creepy though url bd dvd include uncensored ver whole series yeah think gore say shocking contents cannot broadcasted url edit uncensored ver eps 1 3 released early march issue earth star releasing february 12 2014 url,op ed really dark begins say ep mins short stark700 said wonder censored though much gore maybe bds remove shadow creepy though url bd dvd include uncensored ver whole series yeah think gore say shocking contents cannot broadcasted url edit uncensored ver eps 1 3 released early march issue earth star releasing february 12 2014 url,-0.2732
ah say short,ah say short,0.0
guess expected follow manga 3 minutes long damn censored,guess expected follow manga 3 minutes long damn censored,-0.5106
anyone expectations shit idiot,anyone expectations shit idiot,-0.7845
hope anymore,hope anymore,0.4404
realised anticipated horror show 2014 5min ep show dropped,realised anticipated horror show 2014 5min ep show dropped,-0.5719
5 minute anime also censored sucks understand censor everything years ago aired tv elfen lied gantz uncut instead buy bd want see anime uncensored gore,5 minute anime also censored sucks understand censor everything years ago aired tv elfen lied gantz uncut instead buy bd want see anime uncensored gore,-0.8126
like yami shiba pre broadcast hype yawn,like yami shiba pre broadcast hype yawn,0.3612
use watercolor art strange,use watercolor art strange,-0.2023
nanny96 said 5 minute anime also censored sucks understand censor everything years ago aired tv elfen lied gantz uncut instead buy bd want see anime uncensored gore ware aired x terrestrial channel,nanny96 said 5 minute anime also censored sucks understand censor everything years ago aired tv elfen lied gantz uncut instead buy bd want see anime uncensored gore ware aired x terrestrial channel,-0.8126
believe expectations go watch kill la kill forget disappointment,believe expectations go watch kill la kill forget disappointment,-0.9393
namihei said ah say short right short good short,namihei said ah say short right short good short,0.4404
short censored could least shown little like fuck good thing came zero expectations announced 5 mins,short censored could least shown little like fuck good thing came zero expectations announced 5 mins,0.0056
laughing anybody defended manga telling shitty fan service go right around make big deal censored hmm almost appeal people promise gore fan service,laughing anybody defended manga telling shitty fan service go right around make big deal censored hmm almost appeal people promise gore fan service,0.5627
deen proves shitty studio,deen proves shitty studio,-0.5574
well knew going 5 minute series expected way,well knew going 5 minute series expected way,0.2732
red_keys said laughing anybody defended manga telling shitty fan service go right around make big deal censored hmm almost appeal people promise gore fan service show sucks funny part 1 1 adaptation manga change shorten anything upscaled manga panels added water colors censored blood,red_keys said laughing anybody defended manga telling shitty fan service go right around make big deal censored hmm almost appeal people promise gore fan service show sucks funny part 1 1 adaptation manga change shorten anything upscaled manga panels added water colors censored blood,0.5325
disappointing thing 2013 first disappointing thing 2014,disappointing thing 2013 first disappointing thing 2014,-0.7506
wtf ! o_o dat gore!! dat shittyness xd dat censoring xdxdxd hell make gonna censor hahaha deen lt _ lt xd,wtf ! o_o dat gore!! dat shittyness xd dat censoring xdxdxd hell make gonna censor hahaha deen lt _ lt xd,-0.3769
like reiterate pupa suck censoring length first minute episode covered entire first chapter manga shallow manga sucks deens fault manga content gore porn,like reiterate pupa suck censoring length first minute episode covered entire first chapter manga shallow manga sucks deens fault manga content gore porn,-0.6808
well good,well good,0.6124
fuck deen! whoever responsible screwing anime off!! delaying anime whole season enough reducing episode duration 5 minutes enough fuck absurd level censorship !! fuck you!! url,fuck deen! whoever responsible screwing anime off!! delaying anime whole season enough reducing episode duration 5 minutes enough fuck absurd level censorship !! fuck you!! url,-0.9056
anticipated series gore definitely op ed hide content fucking dog shocking url,anticipated series gore definitely op ed hide content fucking dog shocking url,-0.2449
wait bd dvd want uncensored series airing x obvious going censored tsubasalover said bd dvd include uncensored ver whole series yeah think gore say shocking contents cannot broadcasted url,wait bd dvd want uncensored series airing x obvious going censored tsubasalover said bd dvd include uncensored ver whole series yeah think gore say shocking contents cannot broadcasted url,-0.2023
whoa pretty creepy 5 minutes per episode really short though,whoa pretty creepy 5 minutes per episode really short though,0.4939
barion zara said wtf ! o_o dat gore!! dat shittyness xd dat censoring xdxdxd hell make gonna censor hahaha deen lt _ lt xd better nothing guess would way better would released like 3 ovas full lenght 25 mins lot gore bad still enjoyed compared shorts,barion zara said wtf ! o_o dat gore!! dat shittyness xd dat censoring xdxdxd hell make gonna censor hahaha deen lt _ lt xd better nothing guess would way better would released like 3 ovas full lenght 25 mins lot gore bad still enjoyed compared shorts,0.8061
liked parts screen went completely black,liked parts screen went completely black,0.4215
good dissappointment give episodes,good dissappointment give episodes,0.4404
uhhh,uhhh,0.0
namihei said ware aired x terrestrial channel melina_putri said wait bd dvd want uncensored series airing x obvious going censored heard series first posticipated channel wanted air contents aired x,namihei said ware aired x terrestrial channel melina_putri said wait bd dvd want uncensored series airing x obvious going censored heard series first posticipated channel wanted air contents aired x,-0.0772
parfaited said liked parts screen went completely black lol yeah pretty bad think first episode even gotten eating brother flesh scenes,parfaited said liked parts screen went completely black lol yeah pretty bad think first episode even gotten eating brother flesh scenes,0.793
solvitesekai said red_keys said laughing anybody defended manga telling shitty fan service go right around make big deal censored hmm almost appeal people promise gore fan service show sucks funny part 1 1 adaptation manga change shorten anything upscaled manga panels added water colors censored blood except cutting prologue dialogue scenes feel disjointed though still scene dad took around half chapter yes exactly like manga nothing cut anime awful say true see comment bothered,solvitesekai said red_keys said laughing anybody defended manga telling shitty fan service go right around make big deal censored hmm almost appeal people promise gore fan service show sucks funny part 1 1 adaptation manga change shorten anything upscaled manga panels added water colors censored blood except cutting prologue dialogue scenes feel disjointed though still scene dad took around half chapter yes exactly like manga nothing cut anime awful say true see comment bothered,0.8635
expecting much begin still weak first episode monster design looks generic,expecting much begin still weak first episode monster design looks generic,-0.4404
expect show 5 minutes oh well dang cute sister turned monster,expect show 5 minutes oh well dang cute sister turned monster,0.6249
expecting 5 minute time constraint biggest turn wanted something like wanted something completely time constraint though ruined everything air longer eps made ova remove censors happy happening though,expecting 5 minute time constraint biggest turn wanted something like wanted something completely time constraint though ruined everything air longer eps made ova remove censors happy happening though,0.2263
well disturbing damn gore scene hella censored well kind disappointed 5 min anime though,well disturbing damn gore scene hella censored well kind disappointed 5 min anime though,-0.4818
yeah 5 minutes censored like fock could,yeah 5 minutes censored like fock could,0.4767
instant 1 10,instant 1 10,0.0
shinobi 03 said fuck deen! whoever responsible screwing anime off!! delaying anime whole season enough reducing episode duration 5 minutes enough fuck absurd level censorship !! fuck you!! url know right anything get mad world fact shows depicting school children getting mercilessly pointlessly tortured little purpose plot censored! children mutilated pure unrefined uncensored gratuitousness really much ask fuck makes mad! really producers like sick fucks man good thing sane people like agree thing wrong show pointless violence explicit enough last long enough!,shinobi 03 said fuck deen! whoever responsible screwing anime off!! delaying anime whole season enough reducing episode duration 5 minutes enough fuck absurd level censorship !! fuck you!! url know right anything get mad world fact shows depicting school children getting mercilessly pointlessly tortured little purpose plot censored! children mutilated pure unrefined uncensored gratuitousness really much ask fuck makes mad! really producers like sick fucks man good thing sane people like agree thing wrong show pointless violence explicit enough last long enough!,-0.9834
short length come much surprise since many manga published comic earth star adapted short series like teekyu mangirl even deen staff wanted make full length series still abide restrictions set production comitee work funds given,short length come much surprise since many manga published comic earth star adapted short series like teekyu mangirl even deen staff wanted make full length series still abide restrictions set production comitee work funds given,0.5574
let get straight url ok rated ages url oh noes! much handle!,let get straight url ok rated ages url oh noes! much handle!,0.5696
five minute episodes pretty much like trailers chapter sure decided air five heavily censored minutes either way plan watch end disappointed studio decided approach hopefully good reasons though,five minute episodes pretty much like trailers chapter sure decided air five heavily censored minutes either way plan watch end disappointed studio decided approach hopefully good reasons though,0.836
scary gakari gt,scary gakari gt,-0.2732
red_keys said shinobi 03 said fuck deen! whoever responsible screwing anime off!! delaying anime whole season enough reducing episode duration 5 minutes enough fuck absurd level censorship !! fuck you!! url know right anything get mad world fact shows depicting school children getting mercilessly pointlessly tortured little purpose plot censored! children mutilated pure unrefined uncensored gratuitousness really much ask fuck makes mad! really producers like sick fucks man case bother adapting first place !,red_keys said shinobi 03 said fuck deen! whoever responsible screwing anime off!! delaying anime whole season enough reducing episode duration 5 minutes enough fuck absurd level censorship !! fuck you!! url know right anything get mad world fact shows depicting school children getting mercilessly pointlessly tortured little purpose plot censored! children mutilated pure unrefined uncensored gratuitousness really much ask fuck makes mad! really producers like sick fucks man case bother adapting first place !,-0.9854
unsatisfying give manga chance though,unsatisfying give manga chance though,0.25
way short even 5 minutes freaking 01 barely registered anything time credits played length anime downfall also guys reading full manga heard first two volumes translated five,way short even 5 minutes freaking 01 barely registered anything time credits played length anime downfall also guys reading full manga heard first two volumes translated five,0.2732
bastek66 said anyone expectations shit idiot posts darn good give take first seen show horror got excited meaning like psychological horror genres months back seen show get postpone went read manga knowing nothing surprise read seen absolutely disgusting even talking incest ever likes manga show sick bastard,bastek66 said anyone expectations shit idiot posts darn good give take first seen show horror got excited meaning like psychological horror genres months back seen show get postpone went read manga knowing nothing surprise read seen absolutely disgusting even talking incest ever likes manga show sick bastard,-0.9578
shinobi 03 said case bother adapting first place !i think even write atrocious pile repugnant sewage first place pressing question,shinobi 03 said case bother adapting first place !i think even write atrocious pile repugnant sewage first place pressing question,-0.4003
say pupa url guess wait finish airing marathon 48 minute movie even worth taking watching hold list 12 weeks,say pupa url guess wait finish airing marathon 48 minute movie even worth taking watching hold list 12 weeks,0.2263
3 minutes actual content story seemed rushed dissapointment,3 minutes actual content story seemed rushed dissapointment,0.0
3 minute first episode half screen blacked,3 minute first episode half screen blacked,0.0
felt like op ed took time actual content haha monster expecting might well give episodes 5 minutes episode anyways,felt like op ed took time actual content haha monster expecting might well give episodes 5 minutes episode anyways,0.765
anime savhahahahahaha,anime savhahahahahaha,0.0
solkiskey said deen proves shitty studio thisbastek66 said anyone expectations shit idiot,solkiskey said deen proves shitty studio thisbastek66 said anyone expectations shit idiot,-0.8885
sigh got hyped around season half e since pv came expecting saya instead got black screen barney dinosaur words cannot describe disappointed right guess go back play saya uta,sigh got hyped around season half e since pv came expecting saya instead got black screen barney dinosaur words cannot describe disappointed right guess go back play saya uta,0.6192
give chance since interesting far totally agree everyone else,give chance since interesting far totally agree everyone else,0.7574
shinobi 03 said url damn anime pretty dark knew going shit damn,shinobi 03 said url damn anime pretty dark knew going shit damn,-0.7003
hilarious totally going continue watching,hilarious totally going continue watching,0.4019
hopes f ck reading manga,hopes f ck reading manga,0.4215
points valid want put always judge anime based animation time length censorship instead want watch see uncensored know reasons previous hype read manga guarantee worth time,points valid want put always judge anime based animation time length censorship instead want watch see uncensored know reasons previous hype read manga guarantee worth time,0.5423
nanny96 said 5 minute anime also censored sucks understand censor everything years ago aired tv elfen lied gantz uncut instead buy bd want see anime uncensored gore iirc gantz episodes even air properly show really cut perhaps x aired uncut still like nowadays violent shows censored tv uncensored bd also pupa hilariously bad definitely show follow season hope gets worse worse makes happy,nanny96 said 5 minute anime also censored sucks understand censor everything years ago aired tv elfen lied gantz uncut instead buy bd want see anime uncensored gore iirc gantz episodes even air properly show really cut perhaps x aired uncut still like nowadays violent shows censored tv uncensored bd also pupa hilariously bad definitely show follow season hope gets worse worse makes happy,-0.9216
damn damn 5 minutes per episode bound suck tell 5 minutes episode cut op ed get 3 minutes censored rushed 1st episode already telling us plot mutilated! anything read manga may take enjoyment following manga enough scare anyone,damn damn 5 minutes per episode bound suck tell 5 minutes episode cut op ed get 3 minutes censored rushed 1st episode already telling us plot mutilated! anything read manga may take enjoyment following manga enough scare anyone,-0.8718
art style actually thing liked well okay ost fitting rest drop stick manga sigh already lost hopes announced going 5min anime lt lt one question though going rush story line pace think going reach latest chapter hmmm episode 5 6 guess thoughts go,art style actually thing liked well okay ost fitting rest drop stick manga sigh already lost hopes announced going 5min anime lt lt one question though going rush story line pace think going reach latest chapter hmmm episode 5 6 guess thoughts go,0.6597
hell censored opened censor dog double standards much figured good true bet gore bad anyway also yume idiot woman tells go home sees red butterflies stands looks red butterflies goes try help injured dog touch stray animals lest carry diseases let turn monster eat people care watching pass time away add list never going another higurashi deen stop trying,hell censored opened censor dog double standards much figured good true bet gore bad anyway also yume idiot woman tells go home sees red butterflies stands looks red butterflies goes try help injured dog touch stray animals lest carry diseases let turn monster eat people care watching pass time away add list never going another higurashi deen stop trying,-0.8519
already candidate worst show year like source material good either holy shit congratulations deen done,already candidate worst show year like source material good either holy shit congratulations deen done,0.1531
even worse manga lol possible,even worse manga lol possible,-0.0772
first make us wait till next season cut 5 minute episodes censor sigh,first make us wait till next season cut 5 minute episodes censor sigh,-0.6124
well freaky,well freaky,-0.1027
like poop,like poop,0.3612
lol guys tearing show apart little rushed think bad,lol guys tearing show apart little rushed think bad,-0.1119
ahhh bad,ahhh bad,-0.5423
b1o2r3i4s5 said sigh got hyped around season half e since pv came expecting saya instead got black screen barney dinosaur words cannot describe disappointed right guess go back play saya uta nothing could describe feelings better axe,b1o2r3i4s5 said sigh got hyped around season half e since pv came expecting saya instead got black screen barney dinosaur words cannot describe disappointed right guess go back play saya uta nothing could describe feelings better axe,0.7618
zetazaku said nanny96 said 5 minute anime also censored sucks understand censor everything years ago aired tv elfen lied gantz uncut instead buy bd want see anime uncensored gore iirc gantz episodes even air properly show really cut perhaps x aired uncut still like nowadays violent shows censored tv uncensored bd also pupa hilariously bad definitely show follow season hope gets worse worse makes happy elfen lied 2nd half gantz aired x uncensored 1st half gantz aired fuji tv,zetazaku said nanny96 said 5 minute anime also censored sucks understand censor everything years ago aired tv elfen lied gantz uncut instead buy bd want see anime uncensored gore iirc gantz episodes even air properly show really cut perhaps x aired uncut still like nowadays violent shows censored tv uncensored bd also pupa hilariously bad definitely show follow season hope gets worse worse makes happy elfen lied 2nd half gantz aired x uncensored 1st half gantz aired fuji tv,-0.9412
bad good keep watching,bad good keep watching,-0.1531
impressive 20min shows release nowadays pure shit make one 5 min long made day,impressive 20min shows release nowadays pure shit make one 5 min long made day,-0.0772
f_e_a_r said damn damn 5 minutes per episode bound suck tell 5 minutes episode cut op ed get 3 minutes actually minutes episode op ed 30 seconds crucismagna said b1o2r3i4s5 said sigh got hyped around season half e since pv came expecting saya instead got black screen barney dinosaur words cannot describe disappointed right guess go back play saya uta nothing could describe feelings better axe expected something along lines saya uta well nope,f_e_a_r said damn damn 5 minutes per episode bound suck tell 5 minutes episode cut op ed get 3 minutes actually minutes episode op ed 30 seconds crucismagna said b1o2r3i4s5 said sigh got hyped around season half e since pv came expecting saya instead got black screen barney dinosaur words cannot describe disappointed right guess go back play saya uta nothing could describe feelings better axe expected something along lines saya uta well nope,-0.1891
idea think weird say least,idea think weird say least,-0.1779
lol one best season turns one worst happened past season aoki hagane pupa always fuck best mangas know began watch anime better focused manga watch anime,lol one best season turns one worst happened past season aoki hagane pupa always fuck best mangas know began watch anime better focused manga watch anime,0.8442
tinkyourdead said f_e_a_r said damn damn 5 minutes per episode bound suck tell 5 minutes episode cut op ed get 3 minutes actually minutes episode op ed 30 seconds crucismagna said b1o2r3i4s5 said sigh got hyped around season half e since pv came expecting saya instead got black screen barney dinosaur words cannot describe disappointed right guess go back play saya uta nothing could describe feelings better axe expected something along lines saya uta well nope think wait uncensored version black censorship piece crap well still better blue light highschool dead,tinkyourdead said f_e_a_r said damn damn 5 minutes per episode bound suck tell 5 minutes episode cut op ed get 3 minutes actually minutes episode op ed 30 seconds crucismagna said b1o2r3i4s5 said sigh got hyped around season half e since pv came expecting saya instead got black screen barney dinosaur words cannot describe disappointed right guess go back play saya uta nothing could describe feelings better axe expected something along lines saya uta well nope think wait uncensored version black censorship piece crap well still better blue light highschool dead,-0.5641
yeaaaaaah hopes crushed found 5 minutes anime way could pull watched confirmed death heck advertisements better also reminds animation technique show versus advertisement different already short short need op ed really content manga show going 90 black censor bar 10 actual viewing kill fire pupa breeds,yeaaaaaah hopes crushed found 5 minutes anime way could pull watched confirmed death heck advertisements better also reminds animation technique show versus advertisement different already short short need op ed really content manga show going 90 black censor bar 10 actual viewing kill fire pupa breeds,-0.9022
dorothy3242 said solvitesekai said red_keys said laughing anybody defended manga telling shitty fan service go right around make big deal censored hmm almost appeal people promise gore fan service show sucks funny part 1 1 adaptation manga change shorten anything upscaled manga panels added water colors censored blood except cutting prologue dialogue scenes feel disjointed though still scene dad took around half chapter yes exactly like manga nothing cut anime awful say true see comment bothered completely accurate definitely 1 1 deal manga honest surprised many people coming attacking manga understand controversial nature story bit surprised find manga bad terrible personally assuming ignore issues involving whole cannibalizing brother thing like manga ok find completely understandible hopes put making 5 minute show version 01 including op ed really like 3 20 big hit think,dorothy3242 said solvitesekai said red_keys said laughing anybody defended manga telling shitty fan service go right around make big deal censored hmm almost appeal people promise gore fan service show sucks funny part 1 1 adaptation manga change shorten anything upscaled manga panels added water colors censored blood except cutting prologue dialogue scenes feel disjointed though still scene dad took around half chapter yes exactly like manga nothing cut anime awful say true see comment bothered completely accurate definitely 1 1 deal manga honest surprised many people coming attacking manga understand controversial nature story bit surprised find manga bad terrible personally assuming ignore issues involving whole cannibalizing brother thing like manga ok find completely understandible hopes put making 5 minute show version 01 including op ed really like 3 20 big hit think,0.9336
good job deen! really looking foward part censored would made least bit enjoyable watch nope gonna hold bd dvd come shame,good job deen! really looking foward part censored would made least bit enjoyable watch nope gonna hold bd dvd come shame,0.3382
totally disappointed censored blood story makes sense,totally disappointed censored blood story makes sense,-0.6453
well interesting,well interesting,0.5859
worst anime year maybe,worst anime year maybe,-0.6249
excited show discover episodes like minutes hope next episode gonna better currently dispointed consider dropping,excited show discover episodes like minutes hope next episode gonna better currently dispointed consider dropping,0.8658
lol dislike think okay like like opening song though,lol dislike think okay like like opening song though,0.7269
wish excited prior airing honestly know anything unique appeal sparked interest first episode see decision make short going hurt impressed kind turned see next weeks episode brings maybe get ball rolling idk,wish excited prior airing honestly know anything unique appeal sparked interest first episode see decision make short going hurt impressed kind turned see next weeks episode brings maybe get ball rolling idk,0.9153
5 minutes expecting things escalate quick without explanation whatever hate though,5 minutes expecting things escalate quick without explanation whatever hate though,0.4585
ost good although like art well first episode disappointed maybe read manga,ost good although like art well first episode disappointed maybe read manga,0.5267
lol short finished episode could scroll first pages forum discussion ill give episode maybe ill stick manga,lol short finished episode could scroll first pages forum discussion ill give episode maybe ill stick manga,-0.4215
well escalated quicky horrible waiting long time looks like going back manga sure guess stick around whole series short though must hope redo w longer version something,well escalated quicky horrible waiting long time looks like going back manga sure guess stick around whole series short though must hope redo w longer version something,0.6486
hold back season avoid censoring still censored,hold back season avoid censoring still censored,-0.4215
well um studio deen animated higurashi franchise expecting bit considering nothing write home sure total watch time 1 hr going hurt maybe entice get drive find manga maybe,well um studio deen animated higurashi franchise expecting bit considering nothing write home sure total watch time 1 hr going hurt maybe entice get drive find manga maybe,-0.5043
art cool first episode extremely stupid since 5 minutes episode might well keep watching,art cool first episode extremely stupid since 5 minutes episode might well keep watching,-0.0754
begins complete shit yeah great idea,begins complete shit yeah great idea,0.4019
laughed might keep watching since 5 minutes get 1 10,laughed might keep watching since 5 minutes get 1 10,0.4588
already knew gonna bad short wow wtf 3 mins enough horror anime,already knew gonna bad short wow wtf 3 mins enough horror anime,-0.802
actually terrible understand five minutes long animation style lacking much seem like something studio deen would mention anime flow well disjointed felt though dialogue explanation happened ending event mention kinda ends little lead ending ends cuts straight ending based first episode way turn well horror anime attempted 5 minutes per episode really liked ending song though opening much enjoy ending,actually terrible understand five minutes long animation style lacking much seem like something studio deen would mention anime flow well disjointed felt though dialogue explanation happened ending event mention kinda ends little lead ending ends cuts straight ending based first episode way turn well horror anime attempted 5 minutes per episode really liked ending song though opening much enjoy ending,0.3804
pupa pupa pupa good expected,pupa pupa pupa good expected,0.4404
even,even,0.0
wait 12 episodes maybe bad anime damn hell watch,wait 12 episodes maybe bad anime damn hell watch,-0.8957
sovietcong said well um studio deen animated higurashi franchise expecting bit considering nothing write home sure total watch time 1 hr going hurt maybe entice get drive find manga maybe problem without op ed 36 minutes story 1 hour,sovietcong said well um studio deen animated higurashi franchise expecting bit considering nothing write home sure total watch time 1 hr going hurt maybe entice get drive find manga maybe problem without op ed 36 minutes story 1 hour,-0.7151
cried,cried,-0.3818
really like op ed opinion really much hope anime,really like op ed opinion really much hope anime,0.7159
first episode much detail manga far first episode vague read first would confused,first episode much detail manga far first episode vague read first would confused,-0.4019
rather 3 full length episodes bunch short ones story manga already weak episode length ruins effect really think horror anime would work well short series,rather 3 full length episodes bunch short ones story manga already weak episode length ruins effect really think horror anime would work well short series,-0.8261
adaptation bad started laughting loud seriously expect,adaptation bad started laughting loud seriously expect,-0.6369
gosh despondent episode like wtf 1 minute anime rest music show transformer like want hated episode,gosh despondent episode like wtf 1 minute anime rest music show transformer like want hated episode,-0.7783
truly masterpice shit 5 fucking mins gag anime funny,truly masterpice shit 5 fucking mins gag anime funny,-0.1226
hilarious show went 8 6 officially aired lol,hilarious show went 8 6 officially aired lol,0.6705
short length working say airing tv either censoring bad job pupa bad job,short length working say airing tv either censoring bad job pupa bad job,-0.7906
little disappointed short! much potential turn cult classic kill lays eggs!,little disappointed short! much potential turn cult classic kill lays eggs!,-0.8439
fuck !,fuck !,-0.5848
damn censoreship really big deal mean come think air everything tv straight point wtf fucking minutes fucks sake make 24 minute episode felt rushed like art style though,damn censoreship really big deal mean come think air everything tv straight point wtf fucking minutes fucks sake make 24 minute episode felt rushed like art style though,-0.7564
shittyyyyy,shittyyyyy,0.0
lolwut,lolwut,0.0
sort liked wondering brother marks face arms problem censoring wow whole two seconds censorship boycott deen like censored removed blood scene hell blood everywhere even spraying onto screen even fucking dog censored exploded like watching tv getting mad bleep word fuck,sort liked wondering brother marks face arms problem censoring wow whole two seconds censorship boycott deen like censored removed blood scene hell blood everywhere even spraying onto screen even fucking dog censored exploded like watching tv getting mad bleep word fuck,-0.7845
nabris said wondering brother marks face arms probably sort demon,nabris said wondering brother marks face arms probably sort demon,0.0
nope expected 5 minutes 3mins minus op ed non sol comedy shows work shorts watch couple episodes see wether turns better hopes really slim,nope expected 5 minutes 3mins minus op ed non sol comedy shows work shorts watch couple episodes see wether turns better hopes really slim,0.802
op ed dark also ost censored best part,op ed dark also ost censored best part,0.5574
usually love short anime one bad lacks something never thought would say short anime lol,usually love short anime one bad lacks something never thought would say short anime lol,0.5423
fuck actual fuck,fuck actual fuck,-0.7906
like da dog cute next sec like ewwwwwwwwwwwww das gross synopsis seems like story would like watch,like da dog cute next sec like ewwwwwwwwwwwww das gross synopsis seems like story would like watch,0.836
creepy show shit wtf,creepy show shit wtf,-0.8126
whats going 0____0 revert back,whats going 0____0 revert back,0.0
bad orz read manga would lost hell likely follow rather watch whole thing marathon ends,bad orz read manga would lost hell likely follow rather watch whole thing marathon ends,-0.886
fuck watch shittiest manga adaptation ever,fuck watch shittiest manga adaptation ever,-0.836
shit whole purpose show crudelty creepy feel censoring fun go read manga least censorships kids lady tells go away see red butterflies say open dice said disappointing thing 2013 first disappointing thing 2014,shit whole purpose show crudelty creepy feel censoring fun go read manga least censorships kids lady tells go away see red butterflies say open dice said disappointing thing 2013 first disappointing thing 2014,-0.7717
god fucking dammit waited long grotesque horror anime something huge fan manga something almost never get anime four minutes long censored shit actually read manga feel like potential know four fucking minutes long censored shit mean still watch see goes four motherfucking minutes long huge waste time also minute saw dog first thought holy shit! thing!,god fucking dammit waited long grotesque horror anime something huge fan manga something almost never get anime four minutes long censored shit actually read manga feel like potential know four fucking minutes long censored shit mean still watch see goes four motherfucking minutes long huge waste time also minute saw dog first thought holy shit! thing!,-0.937
facepalm show strength muster beyond obvious somewhere production stalled airing unfinished piece shit beyond upset actually time actually excited creepy anime anime version class hollywood film memory poster shout fuck ten times get across god damn displeasure fuck fuck fuck fuck fuck fuck fuck fuck fuck fuck,facepalm show strength muster beyond obvious somewhere production stalled airing unfinished piece shit beyond upset actually time actually excited creepy anime anime version class hollywood film memory poster shout fuck ten times get across god damn displeasure fuck fuck fuck fuck fuck fuck fuck fuck fuck fuck,-0.9915
nabris said sort liked wondering brother marks face arms problem censoring wow whole two seconds censorship boycott deen like censored removed blood scene hell blood everywhere even spraying onto screen even fucking dog censored exploded like watching tv getting mad bleep word fuck dude kidding right censored important scenes episode people said adapted poorly story flow animation bad art k 1 positive thing art,nabris said sort liked wondering brother marks face arms problem censoring wow whole two seconds censorship boycott deen like censored removed blood scene hell blood everywhere even spraying onto screen even fucking dog censored exploded like watching tv getting mad bleep word fuck dude kidding right censored important scenes episode people said adapted poorly story flow animation bad art k 1 positive thing art,-0.7351
sourire said nabris said sort liked wondering brother marks face arms problem censoring wow whole two seconds censorship boycott deen like censored removed blood scene hell blood everywhere even spraying onto screen even fucking dog censored exploded like watching tv getting mad bleep word fuck dude kidding right censored important scenes episode people said adapted poorly story flow animation bad art k 1 positive thing art adaptation bad rushed ton loved big bro got like full 10 secs screen time manga hogs panels chapter 1 main problem source material sucked,sourire said nabris said sort liked wondering brother marks face arms problem censoring wow whole two seconds censorship boycott deen like censored removed blood scene hell blood everywhere even spraying onto screen even fucking dog censored exploded like watching tv getting mad bleep word fuck dude kidding right censored important scenes episode people said adapted poorly story flow animation bad art k 1 positive thing art adaptation bad rushed ton loved big bro got like full 10 secs screen time manga hogs panels chapter 1 main problem source material sucked,-0.8402
nabris said sort liked wondering brother marks face arms lol see people mean say bad adaption guess put spoiler covered initial transformation scene father heavily abused given reason protective sister,nabris said sort liked wondering brother marks face arms lol see people mean say bad adaption guess put spoiler covered initial transformation scene father heavily abused given reason protective sister,-0.296
fucking creeped long time monster reminded bit ctcd episode king ramses ghost holy tater tots,fucking creeped long time monster reminded bit ctcd episode king ramses ghost holy tater tots,-0.3182
omfgaaawhd weirdest shit ive seen year! heard ppl actually high hopes know better lmao censored gore part even release trash 1 5,omfgaaawhd weirdest shit ive seen year! heard ppl actually high hopes know better lmao censored gore part even release trash 1 5,0.5848
bad expecting,bad expecting,-0.5423
well sucked shame short censored hell point watching damn hyped first announced rarely say save time read manga,well sucked shame short censored hell point watching damn hyped first announced rarely say save time read manga,-0.9385
,,0.0
pretty sure everyone feels let episodes 5 mins long knew still seems like shock watching,pretty sure everyone feels let episodes 5 mins long knew still seems like shock watching,0.6597
well reading manga chapter episode say minutes enough first chapter manga 10 10 skipped lot important scenes used heavily censored hope fix everything next episode otherwise would really sad thing,well reading manga chapter episode say minutes enough first chapter manga 10 10 skipped lot important scenes used heavily censored hope fix everything next episode otherwise would really sad thing,0.204
holy shit score dropped 10 points since posted 17 minutes ago,holy shit score dropped 10 points since posted 17 minutes ago,-0.5574
actual fuck like seriously,actual fuck like seriously,-0.4019
wow dat animation monster going haunt dreams guaranteed pretty creepy interested seeing going,wow dat animation monster going haunt dreams guaranteed pretty creepy interested seeing going,0.8658
open dice said disappointing thing 2013 first disappointing thing 2014 koroshiya san beat 2013 department opinion 3 mins take op ed,open dice said disappointing thing 2013 first disappointing thing 2014 koroshiya san beat 2013 department opinion 3 mins take op ed,-0.7506
trash,trash,0.0
know feel,know feel,0.0
isnt disappointing something disappointing implies ever potential first place,isnt disappointing something disappointing implies ever potential first place,0.6435
one anime looking forward along strange saw news strange getting season already short really really dissappointing,one anime looking forward along strange saw news strange getting season already short really really dissappointing,-0.3818
manga guys yeah go read pretend happen yeah good day,manga guys yeah go read pretend happen yeah good day,0.7096
holy hell even,holy hell even,-0.6808
watching score anime drop pretty frickin hilariou kami_no_kage said manga guys yeah go read pretend happen yeah good day funny thing bad,watching score anime drop pretty frickin hilariou kami_no_kage said manga guys yeah go read pretend happen yeah good day funny thing bad,0.7506
kami_no_kage said manga guys yeah go read pretend happen yeah good day manga bad cupquake said watching score anime drop pretty frickin hilariou kami_no_kage said manga guys yeah go read pretend happen yeah good day funny thing badsee got ninjaed thats bad,kami_no_kage said manga guys yeah go read pretend happen yeah good day manga bad cupquake said watching score anime drop pretty frickin hilariou kami_no_kage said manga guys yeah go read pretend happen yeah good day funny thing badsee got ninjaed thats bad,0.8316
already expecing censorship 5mins x 12eps bet end vol,already expecing censorship 5mins x 12eps bet end vol,0.0
really anticipating anime bad manga much better,really anticipating anime bad manga much better,-0.2177
one actually enjoyed first episode one 5 min episode people judging like worst anime planet even read manga wait til next episode next week,one actually enjoyed first episode one 5 min episode people judging like worst anime planet even read manga wait til next episode next week,0.1779
demi_v said one actually enjoyed first episode one 5 min episode people judging like worst anime planet even read manga wait til next episode next week lot us judging read manga bad watched anime worse,demi_v said one actually enjoyed first episode one 5 min episode people judging like worst anime planet even read manga wait til next episode next week lot us judging read manga bad watched anime worse,-0.7096
would lot better longer put censoring series mainly gore,would lot better longer put censoring series mainly gore,0.4404
pretty broing expected,pretty broing expected,0.4939
censoring four minute episodes even know bothered think people desperate anime worthwhile,censoring four minute episodes even know bothered think people desperate anime worthwhile,-0.296
know nothing manga feeling going another 1 10 trainwreck abandoning ship,know nothing manga feeling going another 1 10 trainwreck abandoning ship,-0.4534
wow clue everybody excited maybe horror thing,wow clue everybody excited maybe horror thing,0.3612
really mind pretty good storyline cant say much characters cuz read manga pc admit something worth watching got minutes day making wait long,really mind pretty good storyline cant say much characters cuz read manga pc admit something worth watching got minutes day making wait long,0.8534
dat low budget dem wtf studio deen make anime hakkenden style budgeted,dat low budget dem wtf studio deen make anime hakkenden style budgeted,-0.7096
episode 1 previewed screening aeon cinema makuhari shintoshin chiba prefecture december 21 2013 regular broadcasting begin january 10 2014 imagine people felt preview cinema xd,episode 1 previewed screening aeon cinema makuhari shintoshin chiba prefecture december 21 2013 regular broadcasting begin january 10 2014 imagine people felt preview cinema xd,0.5859
cupquake said demi_v said one actually enjoyed first episode one 5 min episode people judging like worst anime planet even read manga wait til next episode next week lot us judging read manga bad watched anime worse point coming repeatedly talk bad manga definitely worse anime yeah think making 5 min long mistake far kind disappointing one episode people already completely condemning chill guys,cupquake said demi_v said one actually enjoyed first episode one 5 min episode people judging like worst anime planet even read manga wait til next episode next week lot us judging read manga bad watched anime worse point coming repeatedly talk bad manga definitely worse anime yeah think making 5 min long mistake far kind disappointing one episode people already completely condemning chill guys,-0.8689
hell lame,hell lame,-0.8126
enjoyed minutes hard really say anything good bad worst thing far minutes shame,enjoyed minutes hard really say anything good bad worst thing far minutes shame,-0.6845
least red butterflies pretty look at! count something maybe think,least red butterflies pretty look at! count something maybe think,0.5411
well kind crappy continue bit though,well kind crappy continue bit though,0.2263
hated everything wrote review pupa btw,hated everything wrote review pupa btw,-0.6369
bastek66 said anyone expectations shit idiot mean world idiot,bastek66 said anyone expectations shit idiot mean world idiot,-0.8807
urmmm creepy mixed feeling story interesting anime want see like ed though,urmmm creepy mixed feeling story interesting anime want see like ed though,0.7184
complaining length wait whole thing released treat hour long film even intended way maybe probably enjoyable least going watch series actually judging contents first episode usually big fan horror thought horror elements kind lame cute things exploding turning scary really idea good horror think series potential like said watch finished airing one sitting,complaining length wait whole thing released treat hour long film even intended way maybe probably enjoyable least going watch series actually judging contents first episode usually big fan horror thought horror elements kind lame cute things exploding turning scary really idea good horror think series potential like said watch finished airing one sitting,0.0202
myq said complaining length wait whole thing released treat hour long film even intended way maybe probably enjoyable least going watch series actually judging contents first episode usually big fan horror thought horror elements kind lame cute things exploding turning scary really idea good horror think series potential like said watch finished airing one sitting point exactly announced length episode advance see people complaining first episode things bound unravel next 11 episodes simple,myq said complaining length wait whole thing released treat hour long film even intended way maybe probably enjoyable least going watch series actually judging contents first episode usually big fan horror thought horror elements kind lame cute things exploding turning scary really idea good horror think series potential like said watch finished airing one sitting point exactly announced length episode advance see people complaining first episode things bound unravel next 11 episodes simple,-0.1832
way short orz,way short orz,0.0
well short depressing rather gross think pass one,well short depressing rather gross think pass one,-0.5574
bastek66 said anyone expectations shit idiot pretty much save slight talking slight still terrible either way bit face animate interactions father faithfully guy one worst parents history manga,bastek66 said anyone expectations shit idiot pretty much save slight talking slight still terrible either way bit face animate interactions father faithfully guy one worst parents history manga,-0.7096
5 minutes loss words,5 minutes loss words,-0.3182
disappointed censoring still mind continuing though lloved op ed might well pick manga,disappointed censoring still mind continuing though lloved op ed might well pick manga,-0.25
even cares censored fucking short get anything short 5 minute anime pointless gets,even cares censored fucking short get anything short 5 minute anime pointless gets,0.34
well f expected wait expect anything f anyway dat crappy backgrounds 5 min episodes censoring exactly pushed back anyway,well f expected wait expect anything f anyway dat crappy backgrounds 5 min episodes censoring exactly pushed back anyway,-0.3612
tengoku_no_hakai said well f expected wait expect anything f anyway dat crappy backgrounds 5 min episodes censoring exactly pushed back anyway wondering fuck dat censoring hell dude wearing hair clip,tengoku_no_hakai said well f expected wait expect anything f anyway dat crappy backgrounds 5 min episodes censoring exactly pushed back anyway wondering fuck dat censoring hell dude wearing hair clip,-0.891
people think messed please read first chapter manga shallow crappy anime,people think messed please read first chapter manga shallow crappy anime,-0.5719
solvitesekai said people think messed please read first chapter manga shallow crappy anime least first chapter manga made go oooh made go mehhh,solvitesekai said people think messed please read first chapter manga shallow crappy anime least first chapter manga made go oooh made go mehhh,-0.5719
alinet86 said urmmm creepy mixed feeling story interesting anime want see like ough story story,alinet86 said urmmm creepy mixed feeling story interesting anime want see like ough story story,0.7184
xchee said solvitesekai said people think messed please read first chapter manga shallow crappy anime least first chapter manga made go oooh made go mehhh xchee said solvitesekai said people think messed please read first chapter manga shallow crappy anime least first chapter manga made go oooh made go mehhh manga bunch poorly defined copy paste characters gore drawn make people feel sexually aroused anime poorly drawn sack shit gore drawn make people sexually aroused swear amount people clearly know general idea pupa somehow upset anime exactly trash manga astounding honestly see nigh 1 1 adaptation thing cut like 10 pages dad beating kids mc talking much loves sister wrapped still father anime plot wise thats needed blame studio deen blame shit mangaka fact people watch anything long theres blood lolicon shit,xchee said solvitesekai said people think messed please read first chapter manga shallow crappy anime least first chapter manga made go oooh made go mehhh xchee said solvitesekai said people think messed please read first chapter manga shallow crappy anime least first chapter manga made go oooh made go mehhh manga bunch poorly defined copy paste characters gore drawn make people feel sexually aroused anime poorly drawn sack shit gore drawn make people sexually aroused swear amount people clearly know general idea pupa somehow upset anime exactly trash manga astounding honestly see nigh 1 1 adaptation thing cut like 10 pages dad beating kids mc talking much loves sister wrapped still father anime plot wise thats needed blame studio deen blame shit mangaka fact people watch anything long theres blood lolicon shit,-0.9201
well weird feel anything watched sexually aroused far,well weird feel anything watched sexually aroused far,0.1027
horror series meant scare core problem people seem think simply gore screen flimsy slightly unsettling plot makes series horror approach plot sexually driven comical way ceases horror,horror series meant scare core problem people seem think simply gore screen flimsy slightly unsettling plot makes series horror approach plot sexually driven comical way ceases horror,-0.9517
wait really meant guro fanservice thought inside joke like people call free gay,wait really meant guro fanservice thought inside joke like people call free gay,0.7906
ratohnhaketon said wait really meant guro fanservice thought inside joke like people call free gay read chapter 5 dropped shit main character starts enjoy getting eaten yes enjoying sister moe instead like actually focusing struggles characters go focuses moe sister much main character pretty much gets aroused fucking eating absolute garbage,ratohnhaketon said wait really meant guro fanservice thought inside joke like people call free gay read chapter 5 dropped shit main character starts enjoy getting eaten yes enjoying sister moe instead like actually focusing struggles characters go focuses moe sister much main character pretty much gets aroused fucking eating absolute garbage,0.9423
ratohnhaketon said wait really meant guro fanservice thought inside joke like people call free gay link pictures sister half naked eating mc,ratohnhaketon said wait really meant guro fanservice thought inside joke like people call free gay link pictures sister half naked eating mc,0.7906
well kinda sucked 3 minute long anime bad pacing almost nothing go character wise poor animation mindless gore monster even creepy still good sides teddy bear creepy art really cool red_keys said laughing anybody defended manga telling shitty fan service go right around make big deal censored hmm almost appeal people promise gore fan service nah think people wanted censorship help things censorship annoying,well kinda sucked 3 minute long anime bad pacing almost nothing go character wise poor animation mindless gore monster even creepy still good sides teddy bear creepy art really cool red_keys said laughing anybody defended manga telling shitty fan service go right around make big deal censored hmm almost appeal people promise gore fan service nah think people wanted censorship help things censorship annoying,-0.6035
battlechili1 said well kinda sucked 3 minute long anime bad pacing almost nothing go character wise poor animation mindless gore monster even creepy still good sides teddy bear creepy art really cool red_keys said laughing anybody defended manga telling shitty fan service go right around make big deal censored hmm almost appeal people promise gore fan service nah think people wanted censorship help things censorship annoying dude 3 minutes content anime first chapter manga cut manga shallow,battlechili1 said well kinda sucked 3 minute long anime bad pacing almost nothing go character wise poor animation mindless gore monster even creepy still good sides teddy bear creepy art really cool red_keys said laughing anybody defended manga telling shitty fan service go right around make big deal censored hmm almost appeal people promise gore fan service nah think people wanted censorship help things censorship annoying dude 3 minutes content anime first chapter manga cut manga shallow,-0.7212
solvitesekai said dude 3 minutes content anime first chapter manga cut manga shallow would extremely lame read awful premise really cool cover looks interesting man disappointment edit still going check manga premise interests much anime huge disappointment like say wow someone fail badly,solvitesekai said dude 3 minutes content anime first chapter manga cut manga shallow would extremely lame read awful premise really cool cover looks interesting man disappointment edit still going check manga premise interests much anime huge disappointment like say wow someone fail badly,-0.7759
battlechili1 said solvitesekai said dude 3 minutes content anime first chapter manga cut manga shallow would extremely lame read awful premise really cool cover looks interesting man disappointment edit still going check manga premise interests much anime huge disappointment like say wow someone fail badly know actual premise swear people really confused seem think hidden backstory giant conspiracy lolicon incest onii chan gets turned sister eats plot,battlechili1 said solvitesekai said dude 3 minutes content anime first chapter manga cut manga shallow would extremely lame read awful premise really cool cover looks interesting man disappointment edit still going check manga premise interests much anime huge disappointment like say wow someone fail badly know actual premise swear people really confused seem think hidden backstory giant conspiracy lolicon incest onii chan gets turned sister eats plot,-0.9179
solvitesekai said know actual premise swear people really confused seem think hidden backstory giant conspiracy lolicon incest onii chan gets turned sister eats plot going premise anime page life death sibling story follows utsutsu yume hasegawa boy little sister find alone one day yume sees mysterious red butterfly body undergoes strange metamorphosis creature eats humans utsutsu struggles find way restore sister come see dark show boy loves sister care family way incestuous way tries find way help turns horrific monster thought would focus quite bit brother worrying sister show girl innocent kind little girl super adorable wandering around fantastical things happen boy finds goes dark dangerous adventure goes lot supernatural places horrifying effort save sister cares much lolicon incest vore ick,solvitesekai said know actual premise swear people really confused seem think hidden backstory giant conspiracy lolicon incest onii chan gets turned sister eats plot going premise anime page life death sibling story follows utsutsu yume hasegawa boy little sister find alone one day yume sees mysterious red butterfly body undergoes strange metamorphosis creature eats humans utsutsu struggles find way restore sister come see dark show boy loves sister care family way incestuous way tries find way help turns horrific monster thought would focus quite bit brother worrying sister show girl innocent kind little girl super adorable wandering around fantastical things happen boy finds goes dark dangerous adventure goes lot supernatural places horrifying effort save sister cares much lolicon incest vore ick,0.6873
reading reviews mal say pupa terrible fantastic amuse studio deen bashing reviews solvite part wants see get part also wants wait anime red_keys ugh always makes slam head wall manga anime pulls hey look cute girl see supa kawaii moe girl going make terrible things terrible things done shit yet,reading reviews mal say pupa terrible fantastic amuse studio deen bashing reviews solvite part wants see get part also wants wait anime red_keys ugh always makes slam head wall manga anime pulls hey look cute girl see supa kawaii moe girl going make terrible things terrible things done shit yet,-0.8402
give 3 eps put concrete thoughts maybe,give 3 eps put concrete thoughts maybe,0.0
short format take getting used though reading apparently justice nonetheless fair bad people like think wondering adapted anime earth star entertainment wants people buy manga nothing nothing less understand hard grasp,short format take getting used though reading apparently justice nonetheless fair bad people like think wondering adapted anime earth star entertainment wants people buy manga nothing nothing less understand hard grasp,0.7643
actually waiting anime cus horror tag saw 3 minutes long really expect much anymore since 12 episodes long one episode 3 minutes long!!! oh yeah name thought buddy complex shitty name anime gonna drop cus ironically 3 mins long time even bother care story,actually waiting anime cus horror tag saw 3 minutes long really expect much anymore since 12 episodes long one episode 3 minutes long!!! oh yeah name thought buddy complex shitty name anime gonna drop cus ironically 3 mins long time even bother care story,-0.8061
red_keys said lol see people mean say bad adaption guess put spoiler covered initial transformation scene father heavily abused given reason protective sister well beginning knows deen plans throwing thanks telling though took look manga yeah pretty shit adaption comparison read realized general story good begin think going drop,red_keys said lol see people mean say bad adaption guess put spoiler covered initial transformation scene father heavily abused given reason protective sister well beginning knows deen plans throwing thanks telling though took look manga yeah pretty shit adaption comparison read realized general story good begin think going drop,0.3818
battlechili1 said solvitesekai said know actual premise swear people really confused seem think hidden backstory giant conspiracy lolicon incest onii chan gets turned sister eats plot going premise anime page life death sibling story follows utsutsu yume hasegawa boy little sister find alone one day yume sees mysterious red butterfly body undergoes strange metamorphosis creature eats humans utsutsu struggles find way restore sister come see dark show boy loves sister care family way incestuous way tries find way help turns horrific monster thought would focus quite bit brother worrying sister show girl innocent kind little girl super adorable wandering around fantastical things happen boy finds goes dark dangerous adventure goes lot supernatural places horrifying effort save sister cares much lolicon incest vore ick dude monster transformation child abuse butterflies happens first 20 pages chapter one currently adapted episode 1 story backstory story involves eating solving mystery needs eat stuff,battlechili1 said solvitesekai said know actual premise swear people really confused seem think hidden backstory giant conspiracy lolicon incest onii chan gets turned sister eats plot going premise anime page life death sibling story follows utsutsu yume hasegawa boy little sister find alone one day yume sees mysterious red butterfly body undergoes strange metamorphosis creature eats humans utsutsu struggles find way restore sister come see dark show boy loves sister care family way incestuous way tries find way help turns horrific monster thought would focus quite bit brother worrying sister show girl innocent kind little girl super adorable wandering around fantastical things happen boy finds goes dark dangerous adventure goes lot supernatural places horrifying effort save sister cares much lolicon incest vore ick dude monster transformation child abuse butterflies happens first 20 pages chapter one currently adapted episode 1 story backstory story involves eating solving mystery needs eat stuff,0.4338
calling horror like calling snuff films horror keys said people want see sister eating people also sexy onii chan pv made seem like would fuck sister made people excited call though say wanted horror thing mirai nikki fans,calling horror like calling snuff films horror keys said people want see sister eating people also sexy onii chan pv made seem like would fuck sister made people excited call though say wanted horror thing mirai nikki fans,-0.6705
troll manga,troll manga,0.0
know say weird bad weird,know say weird bad weird,-0.7096
solvitesekai said dude monster transformation child abuse butterflies happens first 20 pages chapter one currently adapted episode 1 story backstory story involves eating solving mystery needs eat stuff really sucks guess could little interesting find happening really came seem like kind show manga would even bother making worth learning seems really dumb solvitesekai said calling horror like calling snuff films horror keys said people want see sister eating people also sexy onii chan pv made seem like would fuck sister made people excited call though say wanted horror thing mirai nikki fans fair started watching pv like meh closed wait show something know going know incest know dude getting eaten supposed attractive went anime page info cover doubt one position,solvitesekai said dude monster transformation child abuse butterflies happens first 20 pages chapter one currently adapted episode 1 story backstory story involves eating solving mystery needs eat stuff really sucks guess could little interesting find happening really came seem like kind show manga would even bother making worth learning seems really dumb solvitesekai said calling horror like calling snuff films horror keys said people want see sister eating people also sexy onii chan pv made seem like would fuck sister made people excited call though say wanted horror thing mirai nikki fans fair started watching pv like meh closed wait show something know going know incest know dude getting eaten supposed attractive went anime page info cover doubt one position,-0.2321
well theres actually supposedly 30 chapters count ones arent translated shit maybe later gets better know breezed first 6 chapters 10 minutes bathroom definitely light read,well theres actually supposedly 30 chapters count ones arent translated shit maybe later gets better know breezed first 6 chapters 10 minutes bathroom definitely light read,0.8633
say series good one,say series good one,0.4404
studio deen poor cause episode felt parts censored cause see,studio deen poor cause episode felt parts censored cause see,-0.5719
well intresting,well intresting,0.2732
sad day pv better first episode bloody disappointment,sad day pv better first episode bloody disappointment,-0.7506
let go fucking ready episode,let go fucking ready episode,0.4201
safster1999 said parts censored cause see didnt notice giant black streak took 80 screen chick stomach bursted blood everywhere,safster1999 said parts censored cause see didnt notice giant black streak took 80 screen chick stomach bursted blood everywhere,-0.1531
goodness gracious alright interested pupa strongly suggest reading let others try tell bad people say bother awful want might actually enjoy give shot know pupa certainly everyone judging fact pretty openly incest series full cannibalism school age kids torn apart tortured damn premise sounds good go read watch ignore whatever anyone else say form opinions right hopefully actually find worthwhile sucks stuff like could probably find something better lurk thread related try make people think way,goodness gracious alright interested pupa strongly suggest reading let others try tell bad people say bother awful want might actually enjoy give shot know pupa certainly everyone judging fact pretty openly incest series full cannibalism school age kids torn apart tortured damn premise sounds good go read watch ignore whatever anyone else say form opinions right hopefully actually find worthwhile sucks stuff like could probably find something better lurk thread related try make people think way,0.8979
demi_v said myq said complaining length wait whole thing released treat hour long film even intended way maybe probably enjoyable least going watch series actually judging contents first episode usually big fan horror thought horror elements kind lame cute things exploding turning scary really idea good horror think series potential like said watch finished airing one sitting point exactly announced length episode advance see people complaining first episode things bound unravel next 11 episodes simple couldnt give less fuck length minutes worth watching,demi_v said myq said complaining length wait whole thing released treat hour long film even intended way maybe probably enjoyable least going watch series actually judging contents first episode usually big fan horror thought horror elements kind lame cute things exploding turning scary really idea good horror think series potential like said watch finished airing one sitting point exactly announced length episode advance see people complaining first episode things bound unravel next 11 episodes simple couldnt give less fuck length minutes worth watching,0.4237
lololl enjoying forums enjoyed first episode really curious anime hardly minutes per episode much reason drop,lololl enjoying forums enjoyed first episode really curious anime hardly minutes per episode much reason drop,0.8016
thought saw failure!,thought saw failure!,-0.5562
uhh loss words try stick around gt lt edit changed mind dropped,uhh loss words try stick around gt lt edit changed mind dropped,-0.0516
safster1999 said studio deen poor earth star entertainment loves funding short anime stories publish probably stories seem deserve anything case make short could least doubled length episodes make story flow bit better,safster1999 said studio deen poor earth star entertainment loves funding short anime stories publish probably stories seem deserve anything case make short could least doubled length episodes make story flow bit better,0.743
quite waste time even worse already meh manga,quite waste time even worse already meh manga,-0.7574
well plus side anime really making want read manga instead,well plus side anime really making want read manga instead,0.3976
fuck 3 minute trash,fuck 3 minute trash,-0.5423
expect short 5 min like censored duh seen lot gore could worst keep watching hoping great later,expect short 5 min like censored duh seen lot gore could worst keep watching hoping great later,0.5719
da faq lmfao would censor showed dog getting blown apart!,da faq lmfao would censor showed dog getting blown apart!,0.2003
way short understand hell going episode disappointed given hype gt _ gt,way short understand hell going episode disappointed given hype gt _ gt,-0.6705
zarkraz said fuck 3 minute trash avatar makes comment hilarious,zarkraz said fuck 3 minute trash avatar makes comment hilarious,-0.2023
worst anime 2014,worst anime 2014,-0.6249
though 4mins still right mood horror op ed fits show stick around see progresses,though 4mins still right mood horror op ed fits show stick around see progresses,-0.5719
well weird yeah censoring pain least censoring bad blood c gt lt,well weird yeah censoring pain least censoring bad blood c gt lt,-0.4767
wat,wat,0.0
rating 5 72 one episode lasted minutes community lol,rating 5 72 one episode lasted minutes community lol,0.4215
comedy year,comedy year,0.3612
hmm five minutes yet postpone two seasons animation quality like joke story one less anime watch season guess well nothing special felt like fanmade crap title one thing blood tries shocking much well end borderline disgusting nothing else,hmm five minutes yet postpone two seasons animation quality like joke story one less anime watch season guess well nothing special felt like fanmade crap title one thing blood tries shocking much well end borderline disgusting nothing else,-0.3523
nothing surprises anymore,nothing surprises anymore,-0.1695
wtf censors 4mins shitty high hopes,wtf censors 4mins shitty high hopes,-0.7783
agonizingly long wait started reading compelling twisted manga found would premiering fall wait show found would starting january bad sign usually find another minute tidbit show massively painful said thought art animation original captured manga well problem way hell tiny fraction could think repetition litchi hikari club oh japan send us great new horror masterpiece anime form guts ripped nitpicking gov right wing small minded eating scumbag censors surely warm place hell,agonizingly long wait started reading compelling twisted manga found would premiering fall wait show found would starting january bad sign usually find another minute tidbit show massively painful said thought art animation original captured manga well problem way hell tiny fraction could think repetition litchi hikari club oh japan send us great new horror masterpiece anime form guts ripped nitpicking gov right wing small minded eating scumbag censors surely warm place hell,-0.9371
bit dissapointed 3 min ep continue watch censor sucks,bit dissapointed 3 min ep continue watch censor sucks,-0.6705
whoa dang words say anime,whoa dang words say anime,0.0
expecting creeped lolno,expecting creeped lolno,0.0
stop laughing,stop laughing,0.25
waiting pupa starts opening bad ep starts weird looking stiff lack color jumpy wud say disappointed since anime started year,waiting pupa starts opening bad ep starts weird looking stiff lack color jumpy wud say disappointed since anime started year,-0.891
wow sucked,wow sucked,0.2023
aoba said hated everything wrote review pupa btw write proper review something seeing 5 min opinion little see,aoba said hated everything wrote review pupa btw write proper review something seeing 5 min opinion little see,-0.6369
anything else stare screen disbelief talk quick mindfuck love show already,anything else stare screen disbelief talk quick mindfuck love show already,0.6369
mal moderators deleting reviews pupa thank,mal moderators deleting reviews pupa thank,0.3612
anime bad manga surprising really wish people would hurry learn simply overloading crap gore horror,anime bad manga surprising really wish people would hurry learn simply overloading crap gore horror,-0.6915
well left confused honestly going,well left confused honestly going,0.4215
jaws dropped,jaws dropped,0.0
meh short like op ed,meh short like op ed,0.296
btw funny marks characters like red dudes face along marks arm,btw funny marks characters like red dudes face along marks arm,0.6597
wh,wh,0.0
oh well watching anyway since 5 mins per week maybe go read manga,oh well watching anyway since 5 mins per week maybe go read manga,0.2732
fingermove said believe expectations go watch kill la kill forget disappointment youre saying like klk good anime,fingermove said believe expectations go watch kill la kill forget disappointment youre saying like klk good anime,-0.8807
sad lol least funnier,sad lol least funnier,-0.3732
reading first 15 chapters manga expecting minutes top that! character designs good keen animation keep watching guess must masochist sent mal updater,reading first 15 chapters manga expecting minutes top that! character designs good keen animation keep watching guess must masochist sent mal updater,0.5848
sibbo7 said rating 5 72 one episode lasted minutes community lol well anime minutes enough tell sack shit,sibbo7 said rating 5 72 one episode lasted minutes community lol well anime minutes enough tell sack shit,0.0772
funny much hype built especially everyone already knew gonna 5 minute episodes adapting trashy manga even bothered airing gonna censored considering nothing show gore disappointed episode since already knew going good keep watching,funny much hype built especially everyone already knew gonna 5 minute episodes adapting trashy manga even bothered airing gonna censored considering nothing show gore disappointed episode since already knew going good keep watching,0.6656
safster1999 said studio deen poor cause episode felt parts censored cause see haha yeah felt way art animation soo shitty,safster1999 said studio deen poor cause episode felt parts censored cause see haha yeah felt way art animation soo shitty,-0.4767
familiar original story deciding splice minute episodes seem fit premise shame seems fairly interesting story paper watching first episode feels like watched trailer upcoming horror show,familiar original story deciding splice minute episodes seem fit premise shame seems fairly interesting story paper watching first episode feels like watched trailer upcoming horror show,0.296
wth !! manga waaaay better ____,wth !! manga waaaay better ____,-0.2695
well something happened minutes hope another episodes would longer great art music short! give positive rate lot people waited dissapointed,well something happened minutes hope another episodes would longer great art music short! give positive rate lot people waited dissapointed,0.9184
even realize censored liked ed keep watching hope wincest cannibalism,even realize censored liked ed keep watching hope wincest cannibalism,0.6249
looking forward got disappointed min long censored rushed dropped,looking forward got disappointed min long censored rushed dropped,-0.5719
let,let,0.0
waited since fall get minutes episode pissed turned like expecting much better,waited since fall get minutes episode pissed turned like expecting much better,0.0516
sibbo7 said rating 5 72 one episode lasted minutes community lol lol know ridiculous,sibbo7 said rating 5 72 one episode lasted minutes community lol lol know ridiculous,0.4767
swiftflash said zarkraz said fuck 3 minute trash avatar makes comment hilarious agreed haha! anime anyway,swiftflash said zarkraz said fuck 3 minute trash avatar makes comment hilarious agreed haha! anime anyway,0.5562
better start reading manga,better start reading manga,0.4404
got done watching first episode pupa sure think seems interesting enough however horrifying thought would episodes minutes length much talk although still curious people think thus far,got done watching first episode pupa sure think seems interesting enough however horrifying thought would episodes minutes length much talk although still curious people think thus far,0.3818
facepalm uncensored gorn deen making adaptation seriously hassle going make garbage way,facepalm uncensored gorn deen making adaptation seriously hassle going make garbage way,-0.1779
disappointing thing 2014 sister unusual understand happening around 3min ! creepy,disappointing thing 2014 sister unusual understand happening around 3min ! creepy,-0.5411
minutes 3 without op ending enough understood nothing got pupa manga good say without doubt anime sh !,minutes 3 without op ending enough understood nothing got pupa manga good say without doubt anime sh !,0.6488
seem reasonable assume completely censored garbage literally minutes content think way minute show inherently means massive scenes gore trying tell story full 20 minutes sure would much less censored,seem reasonable assume completely censored garbage literally minutes content think way minute show inherently means massive scenes gore trying tell story full 20 minutes sure would much less censored,-0.1245
haine15 said disappointing thing 2014 sister unusual understand happening around 3min ! creepy sister unusual great doewnr try pretend anything ecchi show however pretends plot,haine15 said disappointing thing 2014 sister unusual understand happening around 3min ! creepy sister unusual great doewnr try pretend anything ecchi show however pretends plot,0.1007
5 min eps horror genre hmm interesting,5 min eps horror genre hmm interesting,-0.25
whoah seriously ! blindly hope get better next episodes one sucks slurping,whoah seriously ! blindly hope get better next episodes one sucks slurping,0.4389
hmm waiting long watch whole 3 waiting next episode,hmm waiting long watch whole 3 waiting next episode,0.0
believe actually looking forward huge disappointment censor 5 minute anime ugh,believe actually looking forward huge disappointment censor 5 minute anime ugh,-0.7783
idk going shayney said believe actually looking forward huge disappointment censor 5 minute anime ugh tv shows always censored,idk going shayney said believe actually looking forward huge disappointment censor 5 minute anime ugh tv shows always censored,-0.8316
tell waited seasons deen betrayed also laughed pretty hard yume turned demon thing supposed creepy,tell waited seasons deen betrayed also laughed pretty hard yume turned demon thing supposed creepy,0.2023
actually good episode afraid last one art soundtrack pace good would say artistic feel plot sure good moment abnormal brother lady disappearance dog parallel universe transformation one thing understand lot people need see blood organs anime good enough without people supposed blood hungry show make right atmosphere without better overall good first episode think good anime,actually good episode afraid last one art soundtrack pace good would say artistic feel plot sure good moment abnormal brother lady disappearance dog parallel universe transformation one thing understand lot people need see blood organs anime good enough without people supposed blood hungry show make right atmosphere without better overall good first episode think good anime,0.9459
demi_v said swiftflash said zarkraz said fuck 3 minute trash avatar makes comment hilarious agreed haha! anime anyway gintama,demi_v said swiftflash said zarkraz said fuck 3 minute trash avatar makes comment hilarious agreed haha! anime anyway gintama,0.5562
first episode 5 really interesting much gore even censored nice op ed,first episode 5 really interesting much gore even censored nice op ed,0.6361
waited long minutes shudder thought delayed 3 months whole season like 20 minute long anime episode minutes wait even less oh god yes almost fully disappointed first episode cut important stuff people read manga know parts mean showed glimpse something quick way fast paced actually enjoy animation could better soundtrack ok far mainly opening really catchy anyway though full flaws keep watching wondering manage show 12 episodes less minutes,waited long minutes shudder thought delayed 3 months whole season like 20 minute long anime episode minutes wait even less oh god yes almost fully disappointed first episode cut important stuff people read manga know parts mean showed glimpse something quick way fast paced actually enjoy animation could better soundtrack ok far mainly opening really catchy anyway though full flaws keep watching wondering manage show 12 episodes less minutes,0.8291
man thing minutes long already shocker,man thing minutes long already shocker,-0.1531
fucking dissapointed diabolik lovers 15 minutes fuck japan,fucking dissapointed diabolik lovers 15 minutes fuck japan,0.0422
everybody hyping realized deen ever make master piece low budget,everybody hyping realized deen ever make master piece low budget,-0.2732
sigh really hate studio making minute show one minute taken op ed kinda hoping would like micro fiction packing lot plot line dialogue far impressed though censorship gore really lame creepy far give probably keep watching even ends sucking less hour time told,sigh really hate studio making minute show one minute taken op ed kinda hoping would like micro fiction packing lot plot line dialogue far impressed though censorship gore really lame creepy far give probably keep watching even ends sucking less hour time told,-0.0368
knew 5 minutes long expect much things happen first episode like art taking consideration 5 minutes long gave 5 5 keep following ! even people seem dislike,knew 5 minutes long expect much things happen first episode like art taking consideration 5 minutes long gave 5 5 keep following ! even people seem dislike,-0.1007
fuck watch,fuck watch,-0.5423
oh man excited heard manga turn anime manga plan read list good horror anime would awesome bad feeling got postponed official five minute anime oh man okay first expect much five minutes per week nothing disappointed let honest even bothering nice scenery anything sure could destroy mood come water color effect looks rather cheap censored monster looks ridiculous things liked far character design interesting op nothing outstanding definitely continue finish anime atm think good unfortunately sigh,oh man excited heard manga turn anime manga plan read list good horror anime would awesome bad feeling got postponed official five minute anime oh man okay first expect much five minutes per week nothing disappointed let honest even bothering nice scenery anything sure could destroy mood come water color effect looks rather cheap censored monster looks ridiculous things liked far character design interesting op nothing outstanding definitely continue finish anime atm think good unfortunately sigh,-0.2086
really think potential mean 20 min episode fine c mon screen practically black interesting moment censoring horror horror genre like buying book without words,really think potential mean 20 min episode fine c mon screen practically black interesting moment censoring horror horror genre like buying book without words,-0.34
people disappointed like medieval people disappointed weekly public torturing execution prisoners canceled get good view soon corpse maimed,people disappointed like medieval people disappointed weekly public torturing execution prisoners canceled get good view soon corpse maimed,-0.9153
sigh really wonder going stretch manga one course anime series five minutes maybe overhyped disappointed __ first episode good job introducing characters fact even like everyone else saying animation backdrop really ugh disappointing disappointing hope next episodes better animated executed 3 c mon pupa loved trailer manag lt 3,sigh really wonder going stretch manga one course anime series five minutes maybe overhyped disappointed __ first episode good job introducing characters fact even like everyone else saying animation backdrop really ugh disappointing disappointing hope next episodes better animated executed 3 c mon pupa loved trailer manag lt 3,0.2617
ya guys know disappointment making full length 20 minutes episode would make much sense aaaaaaaand know japan hates makes sense,ya guys know disappointment making full length 20 minutes episode would make much sense aaaaaaaand know japan hates makes sense,-0.7351
wtf watch,wtf watch,-0.5859
supposed scary reason laughing disappointing,supposed scary reason laughing disappointing,-0.4939
read manga watching episode ten chapters fathom anyone would think could good manga incestuous gore porn nothing least attempts give story rather disliked omission father explains close kinda four technically three minutes worth crap least less painful full 20 minutes continue watching despite knowing get better,read manga watching episode ten chapters fathom anyone would think could good manga incestuous gore porn nothing least attempts give story rather disliked omission father explains close kinda four technically three minutes worth crap least less painful full 20 minutes continue watching despite knowing get better,-0.6718
yet watch anime read good bit manga definitely impressed hoping anime try take completely different take story based seeing case welp guess watching especially episode length,yet watch anime read good bit manga definitely impressed hoping anime try take completely different take story based seeing case welp guess watching especially episode length,0.8885
short wait uncensored watch one shot,short wait uncensored watch one shot,0.0
back manga,back manga,0.0
like 5 min shows give show time right idea watched,like 5 min shows give show time right idea watched,0.3612
short better read manga,short better read manga,0.4404
wheresthehandle said wtf watch,wheresthehandle said wtf watch,-0.5859
never seen worse show wtf watch,never seen worse show wtf watch,-0.3063
wtf,wtf,-0.5859
pretty disappointed know suppose min per episode anime oh god animation great sure bother making horror anime minutes long likely going drop ill give episode 3,pretty disappointed know suppose min per episode anime oh god animation great sure bother making horror anime minutes long likely going drop ill give episode 3,-0.34
wow freaky realize minutes thing disappointed well censoring short quite good atomosphere setup brother sister nicely done thing happened woa! wondering lady walking hot helping coming,wow freaky realize minutes thing disappointed well censoring short quite good atomosphere setup brother sister nicely done thing happened woa! wondering lady walking hot helping coming,0.8353
koichuu said everybody hyping realized deen ever make master piece low budget trust betrayal says screw,koichuu said everybody hyping realized deen ever make master piece low budget trust betrayal says screw,-0.4588
expecting something soon saw dog said gonna stupid referring future action dog boy right,expecting something soon saw dog said gonna stupid referring future action dog boy right,-0.5267
oh well least opening good,oh well least opening good,0.6124
meh thought alright definitely bad people saying,meh thought alright definitely bad people saying,-0.0258
short censored enjoy p,short censored enjoy p,0.3818
unexpectedly short op nice hear judge episodes probably 3 see drop anime,unexpectedly short op nice hear judge episodes probably 3 see drop anime,0.1779
must admit shot never red manga looking forward different like art tho p think would really good longer,must admit shot never red manga looking forward different like art tho p think would really good longer,0.7574
lame,lame,-0.4215
fingermove said believe expectations go watch kill la kill forget disappointment dropped kill la kill believe continue watch pupa really short read fell chapters mang disgusting offensive every possible way,fingermove said believe expectations go watch kill la kill forget disappointment dropped kill la kill believe continue watch pupa really short read fell chapters mang disgusting offensive every possible way,-0.9854
expect another thing c,expect another thing c,0.0
much disappointment,much disappointment,-0.5106
lol well least 5 minutes per episode,lol well least 5 minutes per episode,0.5994
umm wat,umm wat,0.0
drugs mmmk drugs bad mmmk,drugs mmmk drugs bad mmmk,-0.5423
one shows stalled fall interested pv looked interesting didin expect short creepy watching op ed fit min well least,one shows stalled fall interested pv looked interesting didin expect short creepy watching op ed fit min well least,0.802
crappy expected,crappy expected,-0.5574
onii chan eye war paint,onii chan eye war paint,-0.5994
earwen said onii chan eye war paint right perfectly sums studio deen done wrong anime answer question scar eye years abuse father along burn marks cuts bruises arms chest,earwen said onii chan eye war paint right perfectly sums studio deen done wrong anime answer question scar eye years abuse father along burn marks cuts bruises arms chest,-0.8481
liked minute wtf good shit watch trying take shit something,liked minute wtf good shit watch trying take shit something,-0.743
well op ed okay min,well op ed okay min,0.4588
damn short _,damn short _,-0.4019
ep bad,ep bad,-0.5423
barion zara said wtf ! o_o dat gore!! dat shittyness xd dat censoring xdxdxd hell make gonna censor hahaha deen lt _ lt xd spam emoticons everywhere post freaking annoying solkiskey said deen proves shitty studio,barion zara said wtf ! o_o dat gore!! dat shittyness xd dat censoring xdxdxd hell make gonna censor hahaha deen lt _ lt xd spam emoticons everywhere post freaking annoying solkiskey said deen proves shitty studio,-0.9213
actually really liked op art tbh apart yeah short keep opinions check seen slapping 3 10 due one episode,actually really liked op art tbh apart yeah short keep opinions check seen slapping 3 10 due one episode,0.6478
divine demon said barion zara said wtf ! o_o dat gore!! dat shittyness xd dat censoring xdxdxd hell make gonna censor hahaha deen lt _ lt xd spam emoticons everywhere post freaking annoying pupa show bad makes people aggressive,divine demon said barion zara said wtf ! o_o dat gore!! dat shittyness xd dat censoring xdxdxd hell make gonna censor hahaha deen lt _ lt xd spam emoticons everywhere post freaking annoying pupa show bad makes people aggressive,-0.8772
confused curious episodes definitely going watch,confused curious episodes definitely going watch,0.4019
know better pupa everyone raging forum better entertainment pupa!,know better pupa everyone raging forum better entertainment pupa!,0.6696
thinking saw actual question saw short! episode starts breath focus episode suddenly ends bad,thinking saw actual question saw short! episode starts breath focus episode suddenly ends bad,-0.5848
know even creepy plot dialogues like childish speeches hey let go home okay! red butterflies! omfg wat happening buagrghghgr happend episode know even want waste 5 minutes sh,know even creepy plot dialogues like childish speeches hey let go home okay! red butterflies! omfg wat happening buagrghghgr happend episode know even want waste 5 minutes sh,-0.2225
disappointing,disappointing,-0.4939
w h h e f c k,w h h e f c k,0.0
feel anything disgust horror comprehension compassion depression enjoyment nothing series made feel,feel anything disgust horror comprehension compassion depression enjoyment nothing series made feel,-0.6908
meh disappointed 5 mins long even sure would like 23mins actually strange artwork atmosphere may well watch seen though lot time wasted it!,meh disappointed 5 mins long even sure would like 23mins actually strange artwork atmosphere may well watch seen though lot time wasted it!,-0.4199
uh wtf originally thought would comedy pv kept repeating onii chan lol think far conclusion avoid suspicious characters another note lol cat eyes made laugh xd,uh wtf originally thought would comedy pv kept repeating onii chan lol think far conclusion avoid suspicious characters another note lol cat eyes made laugh xd,0.7906
da fuq,da fuq,0.0
uh expecting much comment serie received went expectation animation awful fluidity story story witch whatever came nowhere said non sense transformation horrible know supposed scared laugh horrible censorship could least little original xd anyway maybe look episode dropping even good time waster,uh expecting much comment serie received went expectation animation awful fluidity story story witch whatever came nowhere said non sense transformation horrible know supposed scared laugh horrible censorship could least little original xd anyway maybe look episode dropping even good time waster,-0.5222
kawaii imouto chan great ost eerie sure op ed yet,kawaii imouto chan great ost eerie sure op ed yet,0.5994
f shitty! guess rumors true drop,f shitty! guess rumors true drop,-0.4926
anime sucks probably going watch rest,anime sucks probably going watch rest,-0.3612
yeah complete dog shit,yeah complete dog shit,-0.34
insides coming kinda liked spite bad reviews,insides coming kinda liked spite bad reviews,-0.5928
sad moment realize best episodes series,sad moment realize best episodes series,0.2732
reading first volume manga loving wanting see anime really bad everyone says 20 minutes made good studio b censored still watch rest anyway since short doubt good manga,reading first volume manga loving wanting see anime really bad everyone says 20 minutes made good studio b censored still watch rest anyway since short doubt good manga,0.4228
um hell watch,um hell watch,-0.6808
think drunk high seriously know hell happened,think drunk high seriously know hell happened,-0.8271
oh deen! never made anime first place going like _ 5 mins censored low budget!! opening ending song nice though let see next,oh deen! never made anime first place going like _ 5 mins censored low budget!! opening ending song nice though let see next,0.5386
quote jazykuun know better pupa everyone raging forum better entertainment pupa! quote,quote jazykuun know better pupa everyone raging forum better entertainment pupa! quote,0.6696
wtf,wtf,-0.5859
started watching see bad everyone says say op ed werent bad,started watching see bad everyone says say op ed werent bad,-0.7906
episode seems promising enough girl becomes monster ends,episode seems promising enough girl becomes monster ends,0.4019
laughed cried underwent experience changed life,laughed cried underwent experience changed life,0.1027
started watching second lowest scored anime mal maybe could become first lt score bad episode receives 3 5 maybe setting expectations low maybe start hating later episode maybe like watching uncensored version oh well least art pretty matter bad story may become somehow people tend hate art whenever enjoy story,started watching second lowest scored anime mal maybe could become first lt score bad episode receives 3 5 maybe setting expectations low maybe start hating later episode maybe like watching uncensored version oh well least art pretty matter bad story may become somehow people tend hate art whenever enjoy story,-0.8225
fuck happened lol gore shit,fuck happened lol gore shit,-0.6486
well pretty shitty alright unsure really bad everyone says worse first impressions starting watch anime 1 5,well pretty shitty alright unsure really bad everyone says worse first impressions starting watch anime 1 5,-0.6478
oh infamous pupa! wonder rated low! especially first episode! let see really bad it!,oh infamous pupa! wonder rated low! especially first episode! let see really bad it!,-0.7941
time see bad remember hype aired okay 039 starting see people 039 like nothing really happened also bet aired censored 039 watching uncensored guess 039 bad aired gonna burn,time see bad remember hype aired okay 039 starting see people 039 like nothing really happened also bet aired censored 039 watching uncensored guess 039 bad aired gonna burn,-0.6369
well interesting beginning,well interesting beginning,0.5859
sounded like something would really liek since love hororr weird good way characters seem cute really like art style bu hope gets better,sounded like something would really liek since love hororr weird good way characters seem cute really like art style bu hope gets better,0.961
fuck lmao,fuck lmao,0.1027
039 laughing funny,039 laughing funny,0.7269
enigmatic short first episde!! 6 10,enigmatic short first episde!! 6 10,0.0
liked gore happened got cheesy goofy creepy point 039 mind short episode length though also made kinda goofy colors nice sometimes animation looks like cheap flash stuff almost movements stilted also hate opening ending sequences near loli pedophilic stuff songs animation good 039 gonna keep watching since short,liked gore happened got cheesy goofy creepy point 039 mind short episode length though also made kinda goofy colors nice sometimes animation looks like cheap flash stuff almost movements stilted also hate opening ending sequences near loli pedophilic stuff songs animation good 039 gonna keep watching since short,0.7216
fuck supposed going 039 even know characters everyone already getting blown,fuck supposed going 039 even know characters everyone already getting blown,-0.5423
aw thought going proper series minute episodes 039 dissapointing op good sounded like artist mirai nikki art style odd would even say low quality non less 039 real sucker twisted anime think 039 enjoy,aw thought going proper series minute episodes 039 dissapointing op good sounded like artist mirai nikki art style odd would even say low quality non less 039 real sucker twisted anime think 039 enjoy,0.2648
well fuck watch 039 explain happened right really saw bunch people dying lot blood 039 think would regret decision watch show within first episode,well fuck watch 039 explain happened right really saw bunch people dying lot blood 039 think would regret decision watch show within first episode,-0.6369
5 minutes long episodes horror story meh also badly directed opinion even short,5 minutes long episodes horror story meh also badly directed opinion even short,-0.7964
welp looks like boring gore revolving show let 039 see,welp looks like boring gore revolving show let 039 see,0.0516
onii chan! munch munch munch quality,onii chan! munch munch munch quality,0.0
op amp ed disgusting ost 039 originality ost typical quot horror quot tunes story meh seriously would expect minute episode give feels probably gonna boring af probably gonna give random quot problems quot next 11 episodes,op amp ed disgusting ost 039 originality ost typical quot horror quot tunes story meh seriously would expect minute episode give feels probably gonna boring af probably gonna give random quot problems quot next 11 episodes,-0.9201
stuff literally happens sake lmao good anime,stuff literally happens sake lmao good anime,0.7783
lol wtf everything happened fast dogs insides made squirm lady,lol wtf everything happened fast dogs insides made squirm lady,-0.25
got gore 039 nice appreciate also op ed starts suddenly ends suddenly let 039 see bad series get,got gore 039 nice appreciate also op ed starts suddenly ends suddenly let 039 see bad series get,0.25
brother wear hair clip,brother wear hair clip,0.0
watch,watch,0.0
time check rather well known series see hubbub,time check rather well known series see hubbub,0.2732
                        ,                        ,0.0
